{"coefficients": [0.030128149890415394, 0.09244247495723519, 0.11817644753305867, 0.02691366619675875, 0.08720238525855722, 0.09262014260284279, 0.012680143820222946, -0.046834230195863774, 0.010523646824923618, 0.007982448654918907, 0.027150475878695436, 0.009788435748243963, 0.016344112054060472], "intercept": 0.05956777967729732}